{"is_source_file": true, "format": "HTML", "description": "This file is an HTML webpage implementing a GUI for visualizing database contents, including JavaScript code for fetching databases, tables, and data, and rendering interactive tables.", "external_files": ["fetch API endpoints (/api/databases, /api/{db}/tables, /api/{db}/tables/{table}/data)"], "external_methods": ["fetch", "JSON.parse", "JSON.stringify"], "published": [], "classes": [], "methods": [{"name": "loadDatabases", "description": "Fetches and displays the list of databases."}, {"name": "reloadDatabases", "description": "Refreshes the list of databases by re-fetching data and updating the UI."}, {"name": "toggleDatabase", "description": "Expands or collapses a database to show/hide its tables."}, {"name": "loadTables", "description": "Loads tables for a selected database."}, {"name": "loadTableData", "description": "Fetches and displays data from a specific table."}, {"name": "renderTable", "description": "Renders data as an interactive HTML table."}, {"name": "renderCell", "description": "Creates HTML for a table cell, handling different data types and long content."}, {"name": "expandCell", "description": "Expands or collapses cell content for long or object-like data."}], "calls": ["fetchData('/api/databases')", "fetchData(`/api/${db}/tables`)", "fetchData(`/api/${db}/tables/${tableName}/data?limit=50`)"], "search-terms": ["database viewer", "interactive data table", "dynamic database list", "fetch API database", "expand cell content"], "state": 2, "file_id": 6, "knowledge_revision": 14, "git_revision": "f47b1df55105061166d1c84a9ea9ad9a23c729ac", "hash": "ee63333a4841bf025439c755a74c9881", "format-version": 4, "code-base-name": "database", "filename": "database/db_visualizer/public/index.html", "revision_history": [{"14": "f47b1df55105061166d1c84a9ea9ad9a23c729ac"}]}