{"is_source_file": true, "format": "bash/shell script", "description": "This script automates the restoration of different types of databases (SQLite, PostgreSQL, MySQL, MongoDB) based on the presence of backup files and the environment, including checks for specific backup files and database readiness.", "external_files": ["database_backup.db", "database_backup.sql", "database_backup.archive"], "external_methods": ["ls", "sudo", "pg_isready", "psql", "mysqladmin", "mysql", "mongosh", "mongorestore", "echo"], "published": [], "classes": [], "methods": [], "calls": ["ls /usr/lib/postgresql/", "sudo -u postgres pg_isready", "psql", "mysqladmin ping", "mysql", "mongosh --port", "mongorestore", "echo"], "search-terms": ["restore_db.sh", "database restore script", "PostgreSQL restore", "MySQL restore", "MongoDB restore", "backup files", "database detection", "database restore logic"], "state": 2, "file_id": 1, "knowledge_revision": 11, "git_revision": "f47b1df55105061166d1c84a9ea9ad9a23c729ac", "hash": "67505395c0df4c9c001ab8f47571f3fb", "format-version": 4, "code-base-name": "database", "filename": "database/restore_db.sh", "revision_history": [{"11": "f47b1df55105061166d1c84a9ea9ad9a23c729ac"}]}