{"is_source_file": false, "format": "", "description": "", "external_files": [], "external_methods": [], "published": [], "classes": [], "methods": [], "calls": [], "search-terms": [], "state": 2, "file_id": 8, "knowledge_revision": 18, "git_revision": "96bb2c9b92018f2f6fe884a5707b03a5601b6356", "revision_history": [{"17": "bf3c8d68106b34b54d6c30be17be07a8d6134e0a"}, {"18": "96bb2c9b92018f2f6fe884a5707b03a5601b6356"}], "hash": "f2899c3770ac3d2e2c7a5805ddb3ddab", "format-version": 4, "code-base-name": "database", "filename": "database/database_backup.sql"}