{"is_source_file": true, "format": "bash", "description": "This is a shell script for initializing and starting a PostgreSQL server, setting up a database and user, and configuring permissions. It automates the process of checking server status, initializing data directories, starting the server in background, and setting privileges.", "external_files": ["/usr/lib/postgresql/", "/var/lib/postgresql/data", "db_connection.txt", "db_visualizer/postgres.env"], "external_methods": ["ls", "sudo", "pg_isready", "psql", "initdb", "createdb", "pgrep"], "published": [], "classes": [], "methods": [{"name": "main", "description": "Main execution flow for PostgreSQL startup, initialization, and user/database setup."}], "calls": ["ls", "sudo -u postgres pg_isready", "sudo -u postgres psql", "sudo -u postgres initdb", "sudo -u postgres postgres", "sleep", "sudo -u postgres createdb", "sudo -u postgres psql"], "search-terms": ["PostgreSQL startup script", "pg_isready", "initdb", "createdb", "set database permissions", "start PostgreSQL server", "configure PostgreSQL user", "automatic PostgreSQL setup"], "state": 2, "file_id": 3, "knowledge_revision": 12, "git_revision": "f47b1df55105061166d1c84a9ea9ad9a23c729ac", "hash": "fa2aa67ea0a7c72f7c0958282f15a864", "format-version": 4, "code-base-name": "database", "filename": "database/startup.sh", "revision_history": [{"12": "f47b1df55105061166d1c84a9ea9ad9a23c729ac"}]}