{"is_source_file": false, "format": "", "description": "", "external_files": [], "external_methods": [], "published": [], "classes": [], "methods": [], "calls": [], "search-terms": [], "state": 2, "file_id": 8, "knowledge_revision": 17, "git_revision": "bf3c8d68106b34b54d6c30be17be07a8d6134e0a", "hash": "e54289eeecb9eb38296075e51b4bac71", "format-version": 4, "code-base-name": "database", "filename": "database/database_backup.sql", "revision_history": [{"17": "bf3c8d68106b34b54d6c30be17be07a8d6134e0a"}]}