{"is_source_file": true, "format": "bash", "description": "A shell script that automates the detection and backup of various types of databases (SQLite, PostgreSQL, MySQL, MongoDB). It performs checks to determine which database is running and executes the appropriate backup commands, saving the backups to specific files.", "external_files": ["/usr/lib/postgresql/", "/var/run/mysqld/mysqld.sock"], "external_methods": ["ls", "sudo -u postgres pg_isready", "mysqladmin", "mysql", "mysqldump", "mongosh", "mongodump"], "published": [], "classes": [], "methods": [], "calls": ["ls", "sudo -u postgres pg_isready", "mysqladmin", "mysql", "mysqldump", "mongosh", "mongodump"], "search-terms": ["backup_db.sh", "database backup script", "SQLite backup", "PostgreSQL backup", "MySQL backup", "MongoDB backup", "database detection", "database dump"], "state": 2, "file_id": 2, "knowledge_revision": 13, "git_revision": "f47b1df55105061166d1c84a9ea9ad9a23c729ac", "hash": "7af9aa35fa4940f934d83f6e2621b732", "format-version": 4, "code-base-name": "database", "filename": "database/backup_db.sh", "revision_history": [{"13": "f47b1df55105061166d1c84a9ea9ad9a23c729ac"}]}